{
  "project_info": {
    "project_number": "784723580216",
    "firebase_url": "https://uber-9d24a.firebaseio.com",
    "project_id": "uber-9d24a",
    "storage_bucket": "uber-9d24a.appspot.com"
  },
  "client": [
    {
      "client_info": {
        "mobilesdk_app_id": "1:784723580216:android:cbb381ce43f1884c",
        "android_client_info": {
          "package_name": "drive.ejigapeter.com.drive"
        }
      },
      "oauth_client": [
        {
          "client_id": "784723580216-hger16ch90ntl906doi1f26i3gjism6i.apps.googleusercontent.com",
          "client_type": 1,
          "android_info": {
            "package_name": "drive.ejigapeter.com.drive",
            "certificate_hash": "0c6a1849015476f366a0633c4b8bf7655555dcee"
          }
        },
        {
          "client_id": "784723580216-63qq8154nekg4c68uomqej17tvgivnu2.apps.googleusercontent.com",
          "client_type": 3
        }
      ],
      "api_key": [
        {
          "current_key": "AIzaSyBrLNNvoWeOvVDlsCDCKoY7V7TadwU5-DI"
        }
      ],
      "services": {
        "analytics_service": {
          "status": 1
        },
        "appinvite_service": {
          "status": 2,
          "other_platform_oauth_client": [
            {
              "client_id": "784723580216-63qq8154nekg4c68uomqej17tvgivnu2.apps.googleusercontent.com",
              "client_type": 3
            }
          ]
        },
        "ads_service": {
          "status": 2
        }
      }
    }
  ],
  "configuration_version": "1"
}